,name,source,bbc_good_food_url
0,Aduki bean,bbc_good_food,https://www.bbcgoodfood.com/glossary/aduki-bean
1,Agar-Agar,bbc_good_food,https://www.bbcgoodfood.com/glossary/agar-agar
2,Agave syrup,bbc_good_food,https://www.bbcgoodfood.com/glossary/agave-syrup
3,Albariño,bbc_good_food,https://www.bbcgoodfood.com/glossary/albari%C3%B1o
4,Almond,bbc_good_food,https://www.bbcgoodfood.com/glossary/almond
5,Amaranth,bbc_good_food,https://www.bbcgoodfood.com/glossary/amaranth
6,Anchovy,bbc_good_food,https://www.bbcgoodfood.com/glossary/anchovy
7,Angelica,bbc_good_food,https://www.bbcgoodfood.com/glossary/angelica
8,Apple,bbc_good_food,https://www.bbcgoodfood.com/glossary/apple
9,Apricot,bbc_good_food,https://www.bbcgoodfood.com/glossary/apricot
10,Arborio rice,bbc_good_food,https://www.bbcgoodfood.com/glossary/arborio-rice
11,Arrowroot powder,bbc_good_food,https://www.bbcgoodfood.com/glossary/arrowroot-powder
12,Asafoetida,bbc_good_food,https://www.bbcgoodfood.com/glossary/asafoetida
13,Asparagus,bbc_good_food,https://www.bbcgoodfood.com/glossary/asparagus
14,Aubergine,bbc_good_food,https://www.bbcgoodfood.com/glossary/aubergine
15,Avocado,bbc_good_food,https://www.bbcgoodfood.com/glossary/avocado
16,White asparagus,bbc_good_food,https://www.bbcgoodfood.com/glossary/asparagus-all-white
17,Bacon,bbc_good_food,https://www.bbcgoodfood.com/glossary/bacon
18,Bain-marie,bbc_good_food,https://www.bbcgoodfood.com/glossary/bain-marie
19,Baking powder,bbc_good_food,https://www.bbcgoodfood.com/glossary/baking-powder
20,Balsamic vinegar,bbc_good_food,https://www.bbcgoodfood.com/glossary/balsamic-vinegar
21,Bamboo shoots,bbc_good_food,https://www.bbcgoodfood.com/glossary/bamboo-shoots
22,Banana,bbc_good_food,https://www.bbcgoodfood.com/glossary/banana
23,Barbera,bbc_good_food,https://www.bbcgoodfood.com/glossary/barbera
24,Barley,bbc_good_food,https://www.bbcgoodfood.com/glossary/barley
25,Basil,bbc_good_food,https://www.bbcgoodfood.com/glossary/basil
26,Bavette,bbc_good_food,https://www.bbcgoodfood.com/glossary/bavette
27,Beansprouts,bbc_good_food,https://www.bbcgoodfood.com/glossary/beansprouts
28,Beef,bbc_good_food,https://www.bbcgoodfood.com/glossary/beef
29,Beetroot,bbc_good_food,https://www.bbcgoodfood.com/glossary/beetroot
30,Bicarbonate of soda,bbc_good_food,https://www.bbcgoodfood.com/glossary/bicarbonate-soda
31,Blackberry,bbc_good_food,https://www.bbcgoodfood.com/glossary/blackberry
32,Blackcurrants,bbc_good_food,https://www.bbcgoodfood.com/glossary/blackcurrants
33,Blanch,bbc_good_food,https://www.bbcgoodfood.com/glossary/blanch
34,Bloody Mary,bbc_good_food,https://www.bbcgoodfood.com/glossary/bloody-mary
35,Blueberry,bbc_good_food,https://www.bbcgoodfood.com/glossary/blueberries
36,"Body - light, medium, full",bbc_good_food,https://www.bbcgoodfood.com/glossary/body-light-medium-full
37,Bouillabaisse,bbc_good_food,https://www.bbcgoodfood.com/glossary/bouillabaisse
38,Braise,bbc_good_food,https://www.bbcgoodfood.com/glossary/braise
39,Bramley apple,bbc_good_food,https://www.bbcgoodfood.com/glossary/bramley-apple
40,Brandy,bbc_good_food,https://www.bbcgoodfood.com/glossary/brandy
41,Broad bean,bbc_good_food,https://www.bbcgoodfood.com/glossary/broad-bean
42,Broccoli,bbc_good_food,https://www.bbcgoodfood.com/glossary/broccoli
43,Brussels sprouts,bbc_good_food,https://www.bbcgoodfood.com/glossary/brussels-sprouts
44,Buckwheat,bbc_good_food,https://www.bbcgoodfood.com/glossary/buckwheat
45,Butter,bbc_good_food,https://www.bbcgoodfood.com/glossary/butter
46,Buttermilk,bbc_good_food,https://www.bbcgoodfood.com/glossary/buttermilk
47,Butternut squash,bbc_good_food,https://www.bbcgoodfood.com/glossary/butternut-squash
48,Cabbage,bbc_good_food,https://www.bbcgoodfood.com/glossary/cabbage
49,Cabernet Sauvignon,bbc_good_food,https://www.bbcgoodfood.com/glossary/cabernet-sauvignon
50,Cacao,bbc_good_food,https://www.bbcgoodfood.com/glossary/cacao
51,Cannellini bean,bbc_good_food,https://www.bbcgoodfood.com/glossary/cannellini-bean
52,Capers,bbc_good_food,https://www.bbcgoodfood.com/glossary/capers
53,Caramel,bbc_good_food,https://www.bbcgoodfood.com/glossary/caramel
54,Caramelised biscuit spread,bbc_good_food,https://www.bbcgoodfood.com/glossary/caramelised-biscuit-spread
55,Carrot,bbc_good_food,https://www.bbcgoodfood.com/glossary/carrot
56,Cashew,bbc_good_food,https://www.bbcgoodfood.com/glossary/cashew
57,Cauliflower,bbc_good_food,https://www.bbcgoodfood.com/glossary/cauliflower
58,Caviar,bbc_good_food,https://www.bbcgoodfood.com/glossary/caviar
59,Cavolo nero,bbc_good_food,https://www.bbcgoodfood.com/glossary/cavolo-nero
60,Celeriac,bbc_good_food,https://www.bbcgoodfood.com/glossary/celeriac
61,Celery,bbc_good_food,https://www.bbcgoodfood.com/glossary/celery
62,Champagne,bbc_good_food,https://www.bbcgoodfood.com/glossary/champagne
63,Char,bbc_good_food,https://www.bbcgoodfood.com/glossary/char
64,Chardonnay,bbc_good_food,https://www.bbcgoodfood.com/glossary/chardonnay
65,Chateaubriand,bbc_good_food,https://www.bbcgoodfood.com/glossary/chateaubriand
66,Cheddar,bbc_good_food,https://www.bbcgoodfood.com/glossary/cheddar
67,Chenin Blanc,bbc_good_food,https://www.bbcgoodfood.com/glossary/chenin-blanc
68,Cherry,bbc_good_food,https://www.bbcgoodfood.com/glossary/cherry
69,Chervil,bbc_good_food,https://www.bbcgoodfood.com/glossary/chervil
70,Chestnut,bbc_good_food,https://www.bbcgoodfood.com/glossary/chestnut
71,Chia,bbc_good_food,https://www.bbcgoodfood.com/glossary/chia
72,Chianti,bbc_good_food,https://www.bbcgoodfood.com/glossary/chianti
73,Chicken,bbc_good_food,https://www.bbcgoodfood.com/glossary/chicken
74,Chicory,bbc_good_food,https://www.bbcgoodfood.com/glossary/chicory
75,Chilli,bbc_good_food,https://www.bbcgoodfood.com/glossary/chilli
76,Chocolate,bbc_good_food,https://www.bbcgoodfood.com/glossary/chocolate
77,Chocolate ganache,bbc_good_food,https://www.bbcgoodfood.com/glossary/ganache
78,Chorizo,bbc_good_food,https://www.bbcgoodfood.com/glossary/chorizo
79,Chutney,bbc_good_food,https://www.bbcgoodfood.com/glossary/chutney
80,Cider,bbc_good_food,https://www.bbcgoodfood.com/glossary/cider
81,Cinnamon,bbc_good_food,https://www.bbcgoodfood.com/glossary/cinnamon
82,Clarified butter,bbc_good_food,https://www.bbcgoodfood.com/glossary/clarified-butter
83,Clementine,bbc_good_food,https://www.bbcgoodfood.com/glossary/clementine
84,Clove,bbc_good_food,https://www.bbcgoodfood.com/glossary/clove
85,Cockles,bbc_good_food,https://www.bbcgoodfood.com/glossary/cockles
86,Coconut,bbc_good_food,https://www.bbcgoodfood.com/glossary/coconut
87,Coconut milk,bbc_good_food,https://www.bbcgoodfood.com/glossary/coconut-milk
88,Cod,bbc_good_food,https://www.bbcgoodfood.com/glossary/cod
89,Colombard,bbc_good_food,https://www.bbcgoodfood.com/glossary/colombard
90,Coriander seed,bbc_good_food,https://www.bbcgoodfood.com/glossary/coriander-seed
91,Corked,bbc_good_food,https://www.bbcgoodfood.com/glossary/corked
92,Courgette,bbc_good_food,https://www.bbcgoodfood.com/glossary/courgette
93,Courgette flower,bbc_good_food,https://www.bbcgoodfood.com/glossary/courgette-flower
94,Couscous,bbc_good_food,https://www.bbcgoodfood.com/glossary/couscous
95,Crab,bbc_good_food,https://www.bbcgoodfood.com/glossary/crab
96,Crab apple,bbc_good_food,https://www.bbcgoodfood.com/glossary/crab-apple
97,Cranberry,bbc_good_food,https://www.bbcgoodfood.com/glossary/cranberry
98,Cream,bbc_good_food,https://www.bbcgoodfood.com/glossary/cream
99,Crème fraîche,bbc_good_food,https://www.bbcgoodfood.com/glossary/creme-fraiche
100,Crêpe,bbc_good_food,https://www.bbcgoodfood.com/glossary/cr%C3%AApe
101,Cumin,bbc_good_food,https://www.bbcgoodfood.com/glossary/cumin
102,X.O cognac,bbc_good_food,https://www.bbcgoodfood.com/glossary/xo-cognac
103,Damson,bbc_good_food,https://www.bbcgoodfood.com/glossary/damson
104,Dark chocolate,bbc_good_food,https://www.bbcgoodfood.com/glossary/dark-chocolate
105,Date,bbc_good_food,https://www.bbcgoodfood.com/glossary/date
106,Decant,bbc_good_food,https://www.bbcgoodfood.com/glossary/decant
107,Deglaze,bbc_good_food,https://www.bbcgoodfood.com/glossary/deglaze
108,Duck,bbc_good_food,https://www.bbcgoodfood.com/glossary/duck
109,Egg,bbc_good_food,https://www.bbcgoodfood.com/glossary/egg
110,Elderberries,bbc_good_food,https://www.bbcgoodfood.com/glossary/elderberries
111,Falafel,bbc_good_food,https://www.bbcgoodfood.com/glossary/falafel
112,Fennel bulb,bbc_good_food,https://www.bbcgoodfood.com/glossary/fennel-bulb
113,Fennel leaf,bbc_good_food,https://www.bbcgoodfood.com/glossary/fennel-leaf
114,Fennel seeds,bbc_good_food,https://www.bbcgoodfood.com/glossary/fennel-seeds
115,Fenugreek herb,bbc_good_food,https://www.bbcgoodfood.com/glossary/fenugreek-herb
116,Fenugreek seed,bbc_good_food,https://www.bbcgoodfood.com/glossary/fenugreek-seed
117,Feta,bbc_good_food,https://www.bbcgoodfood.com/glossary/feta
118,Fig,bbc_good_food,https://www.bbcgoodfood.com/glossary/fig
119,"Fillet, fish",bbc_good_food,https://www.bbcgoodfood.com/glossary/fillet-fish
120,Fish sauce,bbc_good_food,https://www.bbcgoodfood.com/glossary/fish-sauce
121,Fleur de sel/ Flor de sal,bbc_good_food,https://www.bbcgoodfood.com/glossary/fleur-de-sel-flor-de-sal
122,Flour,bbc_good_food,https://www.bbcgoodfood.com/glossary/flour
123,Foie gras,bbc_good_food,https://www.bbcgoodfood.com/glossary/foie-gras
124,Fold,bbc_good_food,https://www.bbcgoodfood.com/glossary/fold
125,Fontina,bbc_good_food,https://www.bbcgoodfood.com/glossary/fontina
126,Frangipane,bbc_good_food,https://www.bbcgoodfood.com/glossary/frangipane
127,Freekeh,bbc_good_food,https://www.bbcgoodfood.com/glossary/freekeh
128,Fricassée,bbc_good_food,https://www.bbcgoodfood.com/glossary/fricass%C3%A9e
129,Frisée,bbc_good_food,https://www.bbcgoodfood.com/glossary/fris%C3%A9e
130,Fudge,bbc_good_food,https://www.bbcgoodfood.com/glossary/fudge
131,Gamay,bbc_good_food,https://www.bbcgoodfood.com/glossary/gamay
132,Garam masala,bbc_good_food,https://www.bbcgoodfood.com/glossary/garam-masala
133,Garlic,bbc_good_food,https://www.bbcgoodfood.com/glossary/garlic
134,Gelatine,bbc_good_food,https://www.bbcgoodfood.com/glossary/gelatine
135,Gewürztraminer,bbc_good_food,https://www.bbcgoodfood.com/glossary/gew%C3%BCrztraminer
136,Ghee,bbc_good_food,https://www.bbcgoodfood.com/glossary/ghee
137,Gin,bbc_good_food,https://www.bbcgoodfood.com/glossary/gin
138,Ginger,bbc_good_food,https://www.bbcgoodfood.com/glossary/ginger
139,Globe artichoke,bbc_good_food,https://www.bbcgoodfood.com/glossary/globe-artichoke
140,Gluten,bbc_good_food,https://www.bbcgoodfood.com/glossary/gluten
141,Gnocchi,bbc_good_food,https://www.bbcgoodfood.com/glossary/gnocchi
142,Gochujang,bbc_good_food,https://www.bbcgoodfood.com/glossary/gochujang
143,Goji berries,bbc_good_food,https://www.bbcgoodfood.com/glossary/goji-berries
144,Golden syrup,bbc_good_food,https://www.bbcgoodfood.com/glossary/golden-syrup
145,Goose,bbc_good_food,https://www.bbcgoodfood.com/glossary/goose
146,Gooseberry,bbc_good_food,https://www.bbcgoodfood.com/glossary/gooseberry
147,Gorgonzola,bbc_good_food,https://www.bbcgoodfood.com/glossary/gorgonzola
148,Grapefruit,bbc_good_food,https://www.bbcgoodfood.com/glossary/grapefruit
149,Gratin,bbc_good_food,https://www.bbcgoodfood.com/glossary/gratin
150,Gravadlax,bbc_good_food,https://www.bbcgoodfood.com/glossary/gravadlax
151,Gravy,bbc_good_food,https://www.bbcgoodfood.com/glossary/gravy
152,Green tea,bbc_good_food,https://www.bbcgoodfood.com/glossary/green-tea
153,Grenache,bbc_good_food,https://www.bbcgoodfood.com/glossary/grenache
154,Grouse,bbc_good_food,https://www.bbcgoodfood.com/glossary/grouse
155,Gruyère,bbc_good_food,https://www.bbcgoodfood.com/glossary/gruyere
156,Guinea fowl,bbc_good_food,https://www.bbcgoodfood.com/glossary/guinea-fowl
157,Gurnard,bbc_good_food,https://www.bbcgoodfood.com/glossary/gurnard
158,Noble grape,bbc_good_food,https://www.bbcgoodfood.com/glossary/noble-grape
159,Haddock,bbc_good_food,https://www.bbcgoodfood.com/glossary/haddock
160,Haggis,bbc_good_food,https://www.bbcgoodfood.com/glossary/haggis
161,Halibut,bbc_good_food,https://www.bbcgoodfood.com/glossary/halibut
162,Halloumi,bbc_good_food,https://www.bbcgoodfood.com/glossary/halloumi
163,Harissa,bbc_good_food,https://www.bbcgoodfood.com/glossary/harissa
164,Hazelnut,bbc_good_food,https://www.bbcgoodfood.com/glossary/hazelnut
165,Herring,bbc_good_food,https://www.bbcgoodfood.com/glossary/herring
166,Honey,bbc_good_food,https://www.bbcgoodfood.com/glossary/honey
167,Honeycomb,bbc_good_food,https://www.bbcgoodfood.com/glossary/honeycomb
168,Horseradish,bbc_good_food,https://www.bbcgoodfood.com/glossary/horse-radish
169,Hummus,bbc_good_food,https://www.bbcgoodfood.com/glossary/houmous
170,"Ink, squid",bbc_good_food,https://www.bbcgoodfood.com/glossary/ink-squid
171,Jackfruit,bbc_good_food,https://www.bbcgoodfood.com/glossary/jackfruit
172,Jalapeno pepper,bbc_good_food,https://www.bbcgoodfood.com/glossary/jalapeno-pepper
173,Jerusalem artichoke,bbc_good_food,https://www.bbcgoodfood.com/glossary/jerusalem-artichoke
174,Julienne,bbc_good_food,https://www.bbcgoodfood.com/glossary/julienne
175,Kale,bbc_good_food,https://www.bbcgoodfood.com/glossary/kale
176,Kamut,bbc_good_food,https://www.bbcgoodfood.com/glossary/kamut
177,Kefir,bbc_good_food,https://www.bbcgoodfood.com/glossary/kefir
178,Ketjap manis/Kecap manis,bbc_good_food,https://www.bbcgoodfood.com/glossary/ketjap-maniskecap-manis
179,Kidney beans,bbc_good_food,https://www.bbcgoodfood.com/glossary/kidney-beans
180,Kimchi,bbc_good_food,https://www.bbcgoodfood.com/glossary/kimchi
181,Kipper,bbc_good_food,https://www.bbcgoodfood.com/glossary/kipper
182,Kirsch,bbc_good_food,https://www.bbcgoodfood.com/glossary/kirsch
183,Kiwi fruit,bbc_good_food,https://www.bbcgoodfood.com/glossary/kiwi-fruit
184,Knead,bbc_good_food,https://www.bbcgoodfood.com/glossary/knead
185,Kohlrabi,bbc_good_food,https://www.bbcgoodfood.com/glossary/kohlrabi
186,Kombucha,bbc_good_food,https://www.bbcgoodfood.com/glossary/kombucha
187,Kumquat,bbc_good_food,https://www.bbcgoodfood.com/glossary/kumquat
188,Lamb,bbc_good_food,https://www.bbcgoodfood.com/glossary/lamb
189,Lamb's lettuce,bbc_good_food,https://www.bbcgoodfood.com/glossary/lambs-lettuce
190,Leek,bbc_good_food,https://www.bbcgoodfood.com/glossary/leek
191,Lemon,bbc_good_food,https://www.bbcgoodfood.com/glossary/lemon
192,Lemon grass,bbc_good_food,https://www.bbcgoodfood.com/glossary/lemon-grass
193,Lentils,bbc_good_food,https://www.bbcgoodfood.com/glossary/lentils
194,Lettuce,bbc_good_food,https://www.bbcgoodfood.com/glossary/lettuce
195,Lime,bbc_good_food,https://www.bbcgoodfood.com/glossary/lime
196,Lime leaf,bbc_good_food,https://www.bbcgoodfood.com/glossary/lime-leaf
197,Linseed (also flaxseed),bbc_good_food,https://www.bbcgoodfood.com/glossary/linseed-also-flaxseed
198,Lobster,bbc_good_food,https://www.bbcgoodfood.com/glossary/lobster
199,Loganberry,bbc_good_food,https://www.bbcgoodfood.com/glossary/loganberry
200,Maca,bbc_good_food,https://www.bbcgoodfood.com/glossary/maca
201,Mackerel,bbc_good_food,https://www.bbcgoodfood.com/glossary/mackerel
202,Mai Tai,bbc_good_food,https://www.bbcgoodfood.com/glossary/mai-tai
203,Malbec,bbc_good_food,https://www.bbcgoodfood.com/glossary/malbec
204,Manchego,bbc_good_food,https://www.bbcgoodfood.com/glossary/manchego
205,Mangetout,bbc_good_food,https://www.bbcgoodfood.com/glossary/mangetout
206,Maple syrup,bbc_good_food,https://www.bbcgoodfood.com/glossary/maple-syrup
207,Margarita,bbc_good_food,https://www.bbcgoodfood.com/glossary/margarita
208,Marinate,bbc_good_food,https://www.bbcgoodfood.com/glossary/marinate
209,Marrow,bbc_good_food,https://www.bbcgoodfood.com/glossary/marrow
210,Martini cocktail,bbc_good_food,https://www.bbcgoodfood.com/glossary/martini-cocktail
211,Marzipan,bbc_good_food,https://www.bbcgoodfood.com/glossary/marzipan
212,Merlot,bbc_good_food,https://www.bbcgoodfood.com/glossary/merlot
213,Milk,bbc_good_food,https://www.bbcgoodfood.com/glossary/milk
214,Milk chocolate,bbc_good_food,https://www.bbcgoodfood.com/glossary/milk-chocolate
215,Millet,bbc_good_food,https://www.bbcgoodfood.com/glossary/millet
216,Mincemeat,bbc_good_food,https://www.bbcgoodfood.com/glossary/mincemeat
217,Mint,bbc_good_food,https://www.bbcgoodfood.com/glossary/mint
218,Miso,bbc_good_food,https://www.bbcgoodfood.com/glossary/miso
219,Mojito,bbc_good_food,https://www.bbcgoodfood.com/glossary/mojito
220,Molasses,bbc_good_food,https://www.bbcgoodfood.com/glossary/molasses
221,Moringa,bbc_good_food,https://www.bbcgoodfood.com/glossary/moringa
222,Mulled wine,bbc_good_food,https://www.bbcgoodfood.com/glossary/mulled-wine
223,Muscat,bbc_good_food,https://www.bbcgoodfood.com/glossary/muscat
224,Mushroom,bbc_good_food,https://www.bbcgoodfood.com/glossary/mushroom
225,Mussels,bbc_good_food,https://www.bbcgoodfood.com/glossary/mussels
226,Mustard,bbc_good_food,https://www.bbcgoodfood.com/glossary/mustard
227,Nduja,bbc_good_food,https://www.bbcgoodfood.com/glossary/nduja
228,Nebbiolo,bbc_good_food,https://www.bbcgoodfood.com/glossary/nebbiolo
229,Nectarine,bbc_good_food,https://www.bbcgoodfood.com/glossary/nectarine
230,Negroamaro,bbc_good_food,https://www.bbcgoodfood.com/glossary/negroamaro
231,New potatoes,bbc_good_food,https://www.bbcgoodfood.com/glossary/new-potatoes
232,Nigella (seed),bbc_good_food,https://www.bbcgoodfood.com/glossary/nigella-seed
233,Nutmeg,bbc_good_food,https://www.bbcgoodfood.com/glossary/nutmeg
234,Nutritional yeast,bbc_good_food,https://www.bbcgoodfood.com/glossary/nutritional-yeast
235,Oats,bbc_good_food,https://www.bbcgoodfood.com/glossary/oats
236,Okra,bbc_good_food,https://www.bbcgoodfood.com/glossary/okra
237,Olive,bbc_good_food,https://www.bbcgoodfood.com/glossary/olive
238,Olive oil,bbc_good_food,https://www.bbcgoodfood.com/glossary/olive-oil
239,Onglet,bbc_good_food,https://www.bbcgoodfood.com/glossary/onglet
240,Onion,bbc_good_food,https://www.bbcgoodfood.com/glossary/onion
241,Orange,bbc_good_food,https://www.bbcgoodfood.com/glossary/orange
242,Oregano,bbc_good_food,https://www.bbcgoodfood.com/glossary/oregano
243,Oyster,bbc_good_food,https://www.bbcgoodfood.com/glossary/oyster
244,Pak choi,bbc_good_food,https://www.bbcgoodfood.com/glossary/pak-choi
245,Pancetta,bbc_good_food,https://www.bbcgoodfood.com/glossary/pancetta
246,Pandan,bbc_good_food,https://www.bbcgoodfood.com/glossary/pandan
247,Panettone,bbc_good_food,https://www.bbcgoodfood.com/glossary/panettone
248,Papaya,bbc_good_food,https://www.bbcgoodfood.com/glossary/papaya
249,Papillote,bbc_good_food,https://www.bbcgoodfood.com/glossary/papillote
250,Paprika,bbc_good_food,https://www.bbcgoodfood.com/glossary/paprika
251,Parmesan,bbc_good_food,https://www.bbcgoodfood.com/glossary/parmesan
252,Parsley,bbc_good_food,https://www.bbcgoodfood.com/glossary/parsley
253,Parsnip,bbc_good_food,https://www.bbcgoodfood.com/glossary/parsnip
254,Pasta,bbc_good_food,https://www.bbcgoodfood.com/glossary/pasta
255,Peach,bbc_good_food,https://www.bbcgoodfood.com/glossary/peach
256,Peanut butter,bbc_good_food,https://www.bbcgoodfood.com/glossary/peanut-butter
257,Pear,bbc_good_food,https://www.bbcgoodfood.com/glossary/pear
258,Peas,bbc_good_food,https://www.bbcgoodfood.com/glossary/peas
259,Pecan,bbc_good_food,https://www.bbcgoodfood.com/glossary/pecan
260,Pepper,bbc_good_food,https://www.bbcgoodfood.com/glossary/pepper
261,Persimmon,bbc_good_food,https://www.bbcgoodfood.com/glossary/persimmon
262,Pesto,bbc_good_food,https://www.bbcgoodfood.com/glossary/pesto
263,Pilchard,bbc_good_food,https://www.bbcgoodfood.com/glossary/pilchard
264,Pineapple,bbc_good_food,https://www.bbcgoodfood.com/glossary/pineapple
265,Pinot Gris,bbc_good_food,https://www.bbcgoodfood.com/glossary/pinot-gris
266,Pinot Noir,bbc_good_food,https://www.bbcgoodfood.com/glossary/pinot-noir
267,Pinotage,bbc_good_food,https://www.bbcgoodfood.com/glossary/pinotage
268,Piri-piri,bbc_good_food,https://www.bbcgoodfood.com/glossary/piri-piri
269,Plum,bbc_good_food,https://www.bbcgoodfood.com/glossary/plum
270,Polenta,bbc_good_food,https://www.bbcgoodfood.com/glossary/polenta
271,Pomegranate,bbc_good_food,https://www.bbcgoodfood.com/glossary/pomegranate
272,Pork,bbc_good_food,https://www.bbcgoodfood.com/glossary/pork
273,Potato,bbc_good_food,https://www.bbcgoodfood.com/glossary/potato
274,Prawn,bbc_good_food,https://www.bbcgoodfood.com/glossary/prawn
275,Prosciutto,bbc_good_food,https://www.bbcgoodfood.com/glossary/prosciutto
276,Prosecco,bbc_good_food,https://www.bbcgoodfood.com/glossary/prosecco
277,Pumpkin,bbc_good_food,https://www.bbcgoodfood.com/glossary/pumpkin
278,Purple sprouting broccoli,bbc_good_food,https://www.bbcgoodfood.com/glossary/purple-sprouting-broccoli
279,Quail,bbc_good_food,https://www.bbcgoodfood.com/glossary/quail
280,Quark,bbc_good_food,https://www.bbcgoodfood.com/glossary/quark
281,Quince,bbc_good_food,https://www.bbcgoodfood.com/glossary/quince
282,Quinoa,bbc_good_food,https://www.bbcgoodfood.com/glossary/quinoa
283,Radicchio,bbc_good_food,https://www.bbcgoodfood.com/glossary/radicchio
284,Radish,bbc_good_food,https://www.bbcgoodfood.com/glossary/radish
285,Rapeseed oil,bbc_good_food,https://www.bbcgoodfood.com/glossary/rapeseed-oil
286,Raspberry,bbc_good_food,https://www.bbcgoodfood.com/glossary/raspberry
287,Red cabbage,bbc_good_food,https://www.bbcgoodfood.com/glossary/red-cabbage
288,Redcurrant,bbc_good_food,https://www.bbcgoodfood.com/glossary/redcurrant
289,Rhubarb,bbc_good_food,https://www.bbcgoodfood.com/glossary/rhubarb
290,Rib-eye steak,bbc_good_food,https://www.bbcgoodfood.com/glossary/rib-eye-steak
291,Rice,bbc_good_food,https://www.bbcgoodfood.com/glossary/rice
292,Rice syrup,bbc_good_food,https://www.bbcgoodfood.com/glossary/rice-syrup
293,Ricotta,bbc_good_food,https://www.bbcgoodfood.com/glossary/ricotta
294,Riesling,bbc_good_food,https://www.bbcgoodfood.com/glossary/riesling
295,Risotto rice,bbc_good_food,https://www.bbcgoodfood.com/glossary/risotto-rice
296,Rocket,bbc_good_food,https://www.bbcgoodfood.com/glossary/rocket
297,Rosemary,bbc_good_food,https://www.bbcgoodfood.com/glossary/rosemary
298,Rum,bbc_good_food,https://www.bbcgoodfood.com/glossary/rum
299,Runner bean,bbc_good_food,https://www.bbcgoodfood.com/glossary/runner-bean
300,Rye,bbc_good_food,https://www.bbcgoodfood.com/glossary/rye
301,Saffron,bbc_good_food,https://www.bbcgoodfood.com/glossary/saffron
302,Sage,bbc_good_food,https://www.bbcgoodfood.com/glossary/sage
303,Salami,bbc_good_food,https://www.bbcgoodfood.com/glossary/salami
304,Salmon,bbc_good_food,https://www.bbcgoodfood.com/glossary/salmon
305,Salsify,bbc_good_food,https://www.bbcgoodfood.com/glossary/salsify
306,Salted caramel,bbc_good_food,https://www.bbcgoodfood.com/glossary/salted-caramel
307,Samphire,bbc_good_food,https://www.bbcgoodfood.com/glossary/samphire
308,Sangiovese,bbc_good_food,https://www.bbcgoodfood.com/glossary/sangiovese
309,Sardine,bbc_good_food,https://www.bbcgoodfood.com/glossary/sardine-0
310,Sashimi,bbc_good_food,https://www.bbcgoodfood.com/glossary/sashimi
311,Sauerkraut,bbc_good_food,https://www.bbcgoodfood.com/glossary/sauerkraut
312,Sauté,bbc_good_food,https://www.bbcgoodfood.com/glossary/saut%C3%A9
313,Sauvignon Blanc,bbc_good_food,https://www.bbcgoodfood.com/glossary/sauvignon-blanc
314,Scallop,bbc_good_food,https://www.bbcgoodfood.com/glossary/scallop
315,Seaweed,bbc_good_food,https://www.bbcgoodfood.com/glossary/seaweed
316,Seitan,bbc_good_food,https://www.bbcgoodfood.com/glossary/seitan
317,Semillon,bbc_good_food,https://www.bbcgoodfood.com/glossary/semillion
318,Semolina,bbc_good_food,https://www.bbcgoodfood.com/glossary/semolina
319,Shallot,bbc_good_food,https://www.bbcgoodfood.com/glossary/shallot
320,Shichimi togarashi,bbc_good_food,https://www.bbcgoodfood.com/glossary/shichimi-togarashi
321,Sirloin steak,bbc_good_food,https://www.bbcgoodfood.com/glossary/sirloin-steak
322,Smoked anchovies,bbc_good_food,https://www.bbcgoodfood.com/glossary/smoked-anchovies
323,Smoked salt,bbc_good_food,https://www.bbcgoodfood.com/glossary/smoked-salt
324,Sorbet,bbc_good_food,https://www.bbcgoodfood.com/glossary/sorbet
325,Sorrel,bbc_good_food,https://www.bbcgoodfood.com/glossary/sorrel
326,Sourdough,bbc_good_food,https://www.bbcgoodfood.com/glossary/sourdough
327,Soy sauce,bbc_good_food,https://www.bbcgoodfood.com/glossary/soy-sauce
328,Soya beans,bbc_good_food,https://www.bbcgoodfood.com/glossary/soya-beans
329,Spelt,bbc_good_food,https://www.bbcgoodfood.com/glossary/spelt
330,Spinach,bbc_good_food,https://www.bbcgoodfood.com/glossary/spinach
331,Spirulina,bbc_good_food,https://www.bbcgoodfood.com/glossary/spirulina
332,Spring greens,bbc_good_food,https://www.bbcgoodfood.com/glossary/spring-greens
333,Spring lamb,bbc_good_food,https://www.bbcgoodfood.com/glossary/autumn-lamb
334,Spring onion,bbc_good_food,https://www.bbcgoodfood.com/glossary/spring-onion
335,Squid,bbc_good_food,https://www.bbcgoodfood.com/glossary/squid
336,Sriracha sauce,bbc_good_food,https://www.bbcgoodfood.com/glossary/sriracha-sauce
337,Star anise,bbc_good_food,https://www.bbcgoodfood.com/glossary/star-anise
338,Steak,bbc_good_food,https://www.bbcgoodfood.com/glossary/steak
339,Stevia,bbc_good_food,https://www.bbcgoodfood.com/glossary/stevia
340,Stilton,bbc_good_food,https://www.bbcgoodfood.com/glossary/stilton
341,Stollen,bbc_good_food,https://www.bbcgoodfood.com/glossary/stollen
342,Strawberry,bbc_good_food,https://www.bbcgoodfood.com/glossary/strawberry
343,Sugar,bbc_good_food,https://www.bbcgoodfood.com/glossary/sugar
344,Sumac,bbc_good_food,https://www.bbcgoodfood.com/glossary/sumac
345,Sunflower oil,bbc_good_food,https://www.bbcgoodfood.com/glossary/sunflower-oil
346,Sushi,bbc_good_food,https://www.bbcgoodfood.com/glossary/sushi
347,Sweat,bbc_good_food,https://www.bbcgoodfood.com/glossary/sweat
348,Swede,bbc_good_food,https://www.bbcgoodfood.com/glossary/swede
349,Sweet potato,bbc_good_food,https://www.bbcgoodfood.com/glossary/sweet-potato
350,Sweetcorn,bbc_good_food,https://www.bbcgoodfood.com/glossary/sweetcorn
351,Swiss chard,bbc_good_food,https://www.bbcgoodfood.com/glossary/swiss-chard
352,Syrah / Shiraz,bbc_good_food,https://www.bbcgoodfood.com/glossary/syrah-shiraz
353,Tabbouleh,bbc_good_food,https://www.bbcgoodfood.com/glossary/tabbouleh
354,Tahini,bbc_good_food,https://www.bbcgoodfood.com/glossary/tahini
355,Tamari,bbc_good_food,https://www.bbcgoodfood.com/glossary/tamari
356,Tamarind,bbc_good_food,https://www.bbcgoodfood.com/glossary/tamarind
357,Tannin,bbc_good_food,https://www.bbcgoodfood.com/glossary/tannin
358,Tarragon,bbc_good_food,https://www.bbcgoodfood.com/glossary/tarragon
359,Tayberry,bbc_good_food,https://www.bbcgoodfood.com/glossary/tayberry
360,Teff,bbc_good_food,https://www.bbcgoodfood.com/glossary/teff
361,Tempeh,bbc_good_food,https://www.bbcgoodfood.com/glossary/tempeh
362,Tempranillo,bbc_good_food,https://www.bbcgoodfood.com/glossary/tempranillo
363,Thai curry paste,bbc_good_food,https://www.bbcgoodfood.com/glossary/thai-curry-paste
364,Toffee,bbc_good_food,https://www.bbcgoodfood.com/glossary/toffee
365,Tomato,bbc_good_food,https://www.bbcgoodfood.com/glossary/tomato
366,Tortilla,bbc_good_food,https://www.bbcgoodfood.com/glossary/tortilla
367,Trout,bbc_good_food,https://www.bbcgoodfood.com/glossary/trout
368,Truffle,bbc_good_food,https://www.bbcgoodfood.com/glossary/truffle
369,Tuna,bbc_good_food,https://www.bbcgoodfood.com/glossary/tuna
370,Turbot,bbc_good_food,https://www.bbcgoodfood.com/glossary/turbot
371,Turkey,bbc_good_food,https://www.bbcgoodfood.com/glossary/turkey
372,Turmeric,bbc_good_food,https://www.bbcgoodfood.com/glossary/turmeric
373,Turnip,bbc_good_food,https://www.bbcgoodfood.com/glossary/turnip
374,Udon,bbc_good_food,https://www.bbcgoodfood.com/glossary/udon
375,Vacherin,bbc_good_food,https://www.bbcgoodfood.com/glossary/vacherin
376,Vanilla,bbc_good_food,https://www.bbcgoodfood.com/glossary/vanilla
377,Venison,bbc_good_food,https://www.bbcgoodfood.com/glossary/venison
378,Vinaigrette,bbc_good_food,https://www.bbcgoodfood.com/glossary/vinaigrette
379,Viognier,bbc_good_food,https://www.bbcgoodfood.com/glossary/viognier
380,Vodka,bbc_good_food,https://www.bbcgoodfood.com/glossary/vodka
381,Walnut,bbc_good_food,https://www.bbcgoodfood.com/glossary/walnut
382,Wasabi,bbc_good_food,https://www.bbcgoodfood.com/glossary/wasabi
383,Water chestnuts,bbc_good_food,https://www.bbcgoodfood.com/glossary/water-chestnuts
384,Watercress,bbc_good_food,https://www.bbcgoodfood.com/glossary/watercress
385,Watermelon,bbc_good_food,https://www.bbcgoodfood.com/glossary/watermelon
386,Wheat grass,bbc_good_food,https://www.bbcgoodfood.com/glossary/wheat-grass
387,Whisk,bbc_good_food,https://www.bbcgoodfood.com/glossary/whisk
388,Whisky,bbc_good_food,https://www.bbcgoodfood.com/glossary/whisky
389,White chocolate,bbc_good_food,https://www.bbcgoodfood.com/glossary/white-chocolate
390,Whiting,bbc_good_food,https://www.bbcgoodfood.com/glossary/whiting
391,Wholemeal,bbc_good_food,https://www.bbcgoodfood.com/glossary/wholemeal
392,Xylitol,bbc_good_food,https://www.bbcgoodfood.com/glossary/xylitol
393,Yeast,bbc_good_food,https://www.bbcgoodfood.com/glossary/yeast
394,Yogurt,bbc_good_food,https://www.bbcgoodfood.com/glossary/yogurt
395,Yuzu,bbc_good_food,https://www.bbcgoodfood.com/glossary/yuzu
396,Za’atar,bbc_good_food,https://www.bbcgoodfood.com/glossary/zaatar
397,Zest,bbc_good_food,https://www.bbcgoodfood.com/glossary/zest
398,Zinfandel,bbc_good_food,https://www.bbcgoodfood.com/glossary/zinfandel
